graph,graph_type,impl,checksum_md5,match_bh
USA-road-t.BAY,road,bh,3baba5df80400648e85903624ab7c5b8,YES
USA-road-t.BAY,road,4h,3baba5df80400648e85903624ab7c5b8,YES
USA-road-t.BAY,road,fh,3baba5df80400648e85903624ab7c5b8,YES
USA-road-t.BAY,road,ph,3baba5df80400648e85903624ab7c5b8,YES
USA-road-t.BAY,road,dial,3baba5df80400648e85903624ab7c5b8,YES
USA-road-t.BAY,road,r1,3baba5df80400648e85903624ab7c5b8,YES
USA-road-t.BAY,road,r2,3baba5df80400648e85903624ab7c5b8,YES
USA-road-t.BAY,road,ombi,3baba5df80400648e85903624ab7c5b8,YES
USA-road-t.BAY,road,ombi_v3,3baba5df80400648e85903624ab7c5b8,YES
USA-road-t.BAY,road,sq,3baba5df80400648e85903624ab7c5b8,YES
USA-road-t.BAY,road,ch,3baba5df80400648e85903624ab7c5b8,YES
USA-road-t.COL,road,bh,371f31bbe24c8f5e2068d96f98af01ec,YES
USA-road-t.COL,road,4h,371f31bbe24c8f5e2068d96f98af01ec,YES
USA-road-t.COL,road,fh,371f31bbe24c8f5e2068d96f98af01ec,YES
USA-road-t.COL,road,ph,371f31bbe24c8f5e2068d96f98af01ec,YES
USA-road-t.COL,road,dial,371f31bbe24c8f5e2068d96f98af01ec,YES
USA-road-t.COL,road,r1,371f31bbe24c8f5e2068d96f98af01ec,YES
USA-road-t.COL,road,r2,371f31bbe24c8f5e2068d96f98af01ec,YES
USA-road-t.COL,road,ombi,371f31bbe24c8f5e2068d96f98af01ec,YES
USA-road-t.COL,road,ombi_v3,371f31bbe24c8f5e2068d96f98af01ec,YES
USA-road-t.COL,road,sq,371f31bbe24c8f5e2068d96f98af01ec,YES
USA-road-t.COL,road,ch,371f31bbe24c8f5e2068d96f98af01ec,YES
USA-road-t.FLA,road,bh,f1485befcd7548f2e9f00c860afad5a2,YES
USA-road-t.FLA,road,4h,f1485befcd7548f2e9f00c860afad5a2,YES
USA-road-t.FLA,road,fh,f1485befcd7548f2e9f00c860afad5a2,YES
USA-road-t.FLA,road,ph,f1485befcd7548f2e9f00c860afad5a2,YES
USA-road-t.FLA,road,dial,f1485befcd7548f2e9f00c860afad5a2,YES
USA-road-t.FLA,road,r1,f1485befcd7548f2e9f00c860afad5a2,YES
USA-road-t.FLA,road,r2,f1485befcd7548f2e9f00c860afad5a2,YES
USA-road-t.FLA,road,ombi,f1485befcd7548f2e9f00c860afad5a2,YES
USA-road-t.FLA,road,ombi_v3,f1485befcd7548f2e9f00c860afad5a2,YES
USA-road-t.FLA,road,sq,f1485befcd7548f2e9f00c860afad5a2,YES
USA-road-t.FLA,road,ch,f1485befcd7548f2e9f00c860afad5a2,YES
USA-road-t.NW,road,bh,1bb31452d1a422c30ec2ad19584d1251,YES
USA-road-t.NW,road,4h,1bb31452d1a422c30ec2ad19584d1251,YES
USA-road-t.NW,road,fh,1bb31452d1a422c30ec2ad19584d1251,YES
USA-road-t.NW,road,ph,1bb31452d1a422c30ec2ad19584d1251,YES
USA-road-t.NW,road,dial,1bb31452d1a422c30ec2ad19584d1251,YES
USA-road-t.NW,road,r1,1bb31452d1a422c30ec2ad19584d1251,YES
USA-road-t.NW,road,r2,1bb31452d1a422c30ec2ad19584d1251,YES
USA-road-t.NW,road,ombi,1bb31452d1a422c30ec2ad19584d1251,YES
USA-road-t.NW,road,ombi_v3,1bb31452d1a422c30ec2ad19584d1251,YES
USA-road-t.NW,road,sq,1bb31452d1a422c30ec2ad19584d1251,YES
USA-road-t.NW,road,ch,1bb31452d1a422c30ec2ad19584d1251,YES
USA-road-t.NE,road,bh,210dfd8aeef64da916761b1a7a858e92,YES
USA-road-t.NE,road,4h,210dfd8aeef64da916761b1a7a858e92,YES
USA-road-t.NE,road,fh,210dfd8aeef64da916761b1a7a858e92,YES
USA-road-t.NE,road,ph,210dfd8aeef64da916761b1a7a858e92,YES
USA-road-t.NE,road,dial,210dfd8aeef64da916761b1a7a858e92,YES
USA-road-t.NE,road,r1,210dfd8aeef64da916761b1a7a858e92,YES
USA-road-t.NE,road,r2,210dfd8aeef64da916761b1a7a858e92,YES
USA-road-t.NE,road,ombi,210dfd8aeef64da916761b1a7a858e92,YES
USA-road-t.NE,road,ombi_v3,210dfd8aeef64da916761b1a7a858e92,YES
USA-road-t.NE,road,sq,210dfd8aeef64da916761b1a7a858e92,YES
USA-road-t.NE,road,ch,210dfd8aeef64da916761b1a7a858e92,YES
grid_100x100_w100,grid,bh,4c463574b735339dd98697328aab0ccb,YES
grid_100x100_w100,grid,4h,4c463574b735339dd98697328aab0ccb,YES
grid_100x100_w100,grid,fh,4c463574b735339dd98697328aab0ccb,YES
grid_100x100_w100,grid,ph,4c463574b735339dd98697328aab0ccb,YES
grid_100x100_w100,grid,dial,4c463574b735339dd98697328aab0ccb,YES
grid_100x100_w100,grid,r1,4c463574b735339dd98697328aab0ccb,YES
grid_100x100_w100,grid,r2,4c463574b735339dd98697328aab0ccb,YES
grid_100x100_w100,grid,ombi,05545b478145d3c1fef7141fb94bff61,NO
grid_100x100_w100,grid,ombi_v3,05545b478145d3c1fef7141fb94bff61,NO
grid_100x100_w100,grid,sq,4c463574b735339dd98697328aab0ccb,YES
grid_100x100_w100,grid,ch,4c463574b735339dd98697328aab0ccb,YES
grid_100x100_w100000,grid,bh,dd6ab47b123ed3607ae624a64c5f7d0e,YES
grid_100x100_w100000,grid,4h,dd6ab47b123ed3607ae624a64c5f7d0e,YES
grid_100x100_w100000,grid,fh,dd6ab47b123ed3607ae624a64c5f7d0e,YES
grid_100x100_w100000,grid,ph,dd6ab47b123ed3607ae624a64c5f7d0e,YES
grid_100x100_w100000,grid,dial,dd6ab47b123ed3607ae624a64c5f7d0e,YES
grid_100x100_w100000,grid,r1,dd6ab47b123ed3607ae624a64c5f7d0e,YES
grid_100x100_w100000,grid,r2,dd6ab47b123ed3607ae624a64c5f7d0e,YES
grid_100x100_w100000,grid,ombi,dd6ab47b123ed3607ae624a64c5f7d0e,YES
grid_100x100_w100000,grid,ombi_v3,dd6ab47b123ed3607ae624a64c5f7d0e,YES
grid_100x100_w100000,grid,sq,dd6ab47b123ed3607ae624a64c5f7d0e,YES
grid_100x100_w100000,grid,ch,dd6ab47b123ed3607ae624a64c5f7d0e,YES
grid_316x316_w100,grid,bh,91ab6defbb4fc4d677da123bc25a97ec,YES
grid_316x316_w100,grid,4h,91ab6defbb4fc4d677da123bc25a97ec,YES
grid_316x316_w100,grid,fh,91ab6defbb4fc4d677da123bc25a97ec,YES
grid_316x316_w100,grid,ph,91ab6defbb4fc4d677da123bc25a97ec,YES
grid_316x316_w100,grid,dial,91ab6defbb4fc4d677da123bc25a97ec,YES
grid_316x316_w100,grid,r1,91ab6defbb4fc4d677da123bc25a97ec,YES
grid_316x316_w100,grid,r2,91ab6defbb4fc4d677da123bc25a97ec,YES
grid_316x316_w100,grid,ombi,6edca963a4bf09eaa818c30dae667ee4,NO
grid_316x316_w100,grid,ombi_v3,6edca963a4bf09eaa818c30dae667ee4,NO
grid_316x316_w100,grid,sq,91ab6defbb4fc4d677da123bc25a97ec,YES
grid_316x316_w100,grid,ch,91ab6defbb4fc4d677da123bc25a97ec,YES
grid_316x316_w100000,grid,bh,e9e779f6379bde0659d39f97bed5fab6,YES
grid_316x316_w100000,grid,4h,e9e779f6379bde0659d39f97bed5fab6,YES
grid_316x316_w100000,grid,fh,e9e779f6379bde0659d39f97bed5fab6,YES
grid_316x316_w100000,grid,ph,e9e779f6379bde0659d39f97bed5fab6,YES
grid_316x316_w100000,grid,dial,e9e779f6379bde0659d39f97bed5fab6,YES
grid_316x316_w100000,grid,r1,e9e779f6379bde0659d39f97bed5fab6,YES
grid_316x316_w100000,grid,r2,e9e779f6379bde0659d39f97bed5fab6,YES
grid_316x316_w100000,grid,ombi,e9e779f6379bde0659d39f97bed5fab6,YES
grid_316x316_w100000,grid,ombi_v3,e9e779f6379bde0659d39f97bed5fab6,YES
grid_316x316_w100000,grid,sq,e9e779f6379bde0659d39f97bed5fab6,YES
grid_316x316_w100000,grid,ch,e9e779f6379bde0659d39f97bed5fab6,YES
grid_1000x1000_w100,grid,bh,abf00ded4644664bc956799d14435695,YES
grid_1000x1000_w100,grid,4h,abf00ded4644664bc956799d14435695,YES
grid_1000x1000_w100,grid,fh,abf00ded4644664bc956799d14435695,YES
grid_1000x1000_w100,grid,ph,abf00ded4644664bc956799d14435695,YES
grid_1000x1000_w100,grid,dial,abf00ded4644664bc956799d14435695,YES
grid_1000x1000_w100,grid,r1,abf00ded4644664bc956799d14435695,YES
grid_1000x1000_w100,grid,r2,abf00ded4644664bc956799d14435695,YES
grid_1000x1000_w100,grid,ombi,7d6be8a59ea83332ec73696e89afc328,NO
grid_1000x1000_w100,grid,ombi_v3,7d6be8a59ea83332ec73696e89afc328,NO
grid_1000x1000_w100,grid,sq,abf00ded4644664bc956799d14435695,YES
grid_1000x1000_w100,grid,ch,abf00ded4644664bc956799d14435695,YES
grid_1000x1000_w100000,grid,bh,1ca67b79b9a44f37c657b99df65de562,YES
grid_1000x1000_w100000,grid,4h,1ca67b79b9a44f37c657b99df65de562,YES
grid_1000x1000_w100000,grid,fh,1ca67b79b9a44f37c657b99df65de562,YES
grid_1000x1000_w100000,grid,ph,1ca67b79b9a44f37c657b99df65de562,YES
grid_1000x1000_w100000,grid,dial,1ca67b79b9a44f37c657b99df65de562,YES
grid_1000x1000_w100000,grid,r1,1ca67b79b9a44f37c657b99df65de562,YES
grid_1000x1000_w100000,grid,r2,1ca67b79b9a44f37c657b99df65de562,YES
grid_1000x1000_w100000,grid,ombi,1ca67b79b9a44f37c657b99df65de562,YES
grid_1000x1000_w100000,grid,ombi_v3,1ca67b79b9a44f37c657b99df65de562,YES
grid_1000x1000_w100000,grid,sq,1ca67b79b9a44f37c657b99df65de562,YES
grid_1000x1000_w100000,grid,ch,1ca67b79b9a44f37c657b99df65de562,YES
grid_3162x3162_w100,grid,bh,10c8824d201c0d729d298eb8c8d9e53f,YES
grid_3162x3162_w100,grid,4h,10c8824d201c0d729d298eb8c8d9e53f,YES
grid_3162x3162_w100,grid,fh,10c8824d201c0d729d298eb8c8d9e53f,YES
grid_3162x3162_w100,grid,ph,10c8824d201c0d729d298eb8c8d9e53f,YES
grid_3162x3162_w100,grid,dial,10c8824d201c0d729d298eb8c8d9e53f,YES
grid_3162x3162_w100,grid,r1,10c8824d201c0d729d298eb8c8d9e53f,YES
grid_3162x3162_w100,grid,r2,10c8824d201c0d729d298eb8c8d9e53f,YES
grid_3162x3162_w100,grid,ombi,03640c4dbd74b67caa474a638d021b24,NO
grid_3162x3162_w100,grid,ombi_v3,03640c4dbd74b67caa474a638d021b24,NO
grid_3162x3162_w100,grid,sq,10c8824d201c0d729d298eb8c8d9e53f,YES
